{
  "NDCG@1": 0.21782,
  "NDCG@5": 0.22305,
  "NDCG@10": 0.22664,
  "NDCG@25": 0.24636,
  "NDCG@50": 0.2696,
  "NDCG@100": 0.29857,
  "MAP@1": 0.08394,
  "MAP@5": 0.14351,
  "MAP@10": 0.16023,
  "MAP@25": 0.17673,
  "MAP@50": 0.1853,
  "MAP@100": 0.18972,
  "Recall@1": 0.08394,
  "Recall@5": 0.19856,
  "Recall@10": 0.23993,
  "Recall@25": 0.33648,
  "Recall@50": 0.41341,
  "Recall@100": 0.53584,
  "P@1": 0.21782,
  "P@5": 0.13663,
  "P@10": 0.10099,
  "P@25": 0.06178,
  "P@50": 0.04376,
  "P@100": 0.02891,
  "MRR": 0.29408
}