{
  "NDCG@1": 0.01786,
  "NDCG@5": 0.01818,
  "NDCG@10": 0.0247,
  "NDCG@25": 0.03149,
  "NDCG@50": 0.04338,
  "NDCG@100": 0.05909,
  "MAP@1": 0.00187,
  "MAP@5": 0.00313,
  "MAP@10": 0.00478,
  "MAP@25": 0.00718,
  "MAP@50": 0.00924,
  "MAP@100": 0.01078,
  "Recall@1": 0.00187,
  "Recall@5": 0.00541,
  "Recall@10": 0.01465,
  "Recall@25": 0.03818,
  "Recall@50": 0.06073,
  "Recall@100": 0.09467,
  "P@1": 0.01786,
  "P@5": 0.01786,
  "P@10": 0.02679,
  "P@25": 0.02643,
  "P@50": 0.02214,
  "P@100": 0.01821,
  "MRR": 0.07246
}