{
  "NDCG@1": 0.03604,
  "NDCG@5": 0.0276,
  "NDCG@10": 0.0278,
  "NDCG@25": 0.03508,
  "NDCG@50": 0.04614,
  "NDCG@100": 0.05235,
  "MAP@1": 0.00708,
  "MAP@5": 0.01401,
  "MAP@10": 0.01466,
  "MAP@25": 0.01601,
  "MAP@50": 0.01777,
  "MAP@100": 0.01831,
  "Recall@1": 0.00708,
  "Recall@5": 0.02429,
  "Recall@10": 0.02955,
  "Recall@25": 0.04934,
  "Recall@50": 0.08296,
  "Recall@100": 0.10655,
  "P@1": 0.03604,
  "P@5": 0.01982,
  "P@10": 0.01261,
  "P@25": 0.00865,
  "P@50": 0.00793,
  "P@100": 0.00514,
  "MRR": 0.06667
}