{
  "NDCG@1": 0.23239,
  "NDCG@5": 0.22663,
  "NDCG@10": 0.2516,
  "NDCG@25": 0.27611,
  "NDCG@50": 0.28022,
  "NDCG@100": 0.28799,
  "MAP@1": 0.13005,
  "MAP@5": 0.19308,
  "MAP@10": 0.20438,
  "MAP@25": 0.21087,
  "MAP@50": 0.21185,
  "MAP@100": 0.21255,
  "Recall@1": 0.13005,
  "Recall@5": 0.24906,
  "Recall@10": 0.31737,
  "Recall@25": 0.40599,
  "Recall@50": 0.42183,
  "Recall@100": 0.4635,
  "P@1": 0.23239,
  "P@5": 0.10563,
  "P@10": 0.06338,
  "P@25": 0.03042,
  "P@50": 0.01606,
  "P@100": 0.00873,
  "MRR": 0.29179
}