{
  "NDCG@1": 0.03883,
  "NDCG@5": 0.03622,
  "NDCG@10": 0.04467,
  "NDCG@25": 0.0605,
  "NDCG@50": 0.07306,
  "NDCG@100": 0.08721,
  "MAP@1": 0.0116,
  "MAP@5": 0.01821,
  "MAP@10": 0.02226,
  "MAP@25": 0.02621,
  "MAP@50": 0.0287,
  "MAP@100": 0.03044,
  "Recall@1": 0.0116,
  "Recall@5": 0.03355,
  "Recall@10": 0.05405,
  "Recall@25": 0.10318,
  "Recall@50": 0.14425,
  "Recall@100": 0.20182,
  "P@1": 0.03883,
  "P@5": 0.02913,
  "P@10": 0.02427,
  "P@25": 0.01553,
  "P@50": 0.01126,
  "P@100": 0.00786,
  "MRR": 0.08548
}