{
  "NDCG@1": 0.0,
  "NDCG@5": 0.00142,
  "NDCG@10": 0.00127,
  "NDCG@25": 0.00299,
  "NDCG@50": 0.00394,
  "NDCG@100": 0.00505,
  "MAP@1": 0.0,
  "MAP@5": 0.0004,
  "MAP@10": 0.0004,
  "MAP@25": 0.00071,
  "MAP@50": 0.00084,
  "MAP@100": 0.00099,
  "Recall@1": 0.0,
  "Recall@5": 0.00162,
  "Recall@10": 0.00162,
  "Recall@25": 0.00583,
  "Recall@50": 0.00841,
  "Recall@100": 0.01262,
  "P@1": 0.0,
  "P@5": 0.00194,
  "P@10": 0.00097,
  "P@25": 0.00117,
  "P@50": 0.00097,
  "P@100": 0.00068,
  "MRR": 0.00418
}