{
  "NDCG@1": 0.16505,
  "NDCG@5": 0.14704,
  "NDCG@10": 0.16639,
  "NDCG@25": 0.18855,
  "NDCG@50": 0.20745,
  "NDCG@100": 0.24047,
  "MAP@1": 0.05287,
  "MAP@5": 0.07785,
  "MAP@10": 0.09538,
  "MAP@25": 0.11086,
  "MAP@50": 0.11866,
  "MAP@100": 0.12519,
  "Recall@1": 0.05287,
  "Recall@5": 0.10492,
  "Recall@10": 0.18747,
  "Recall@25": 0.2793,
  "Recall@50": 0.35053,
  "Recall@100": 0.48674,
  "P@1": 0.16505,
  "P@5": 0.0932,
  "P@10": 0.08252,
  "P@25": 0.05825,
  "P@50": 0.04291,
  "P@100": 0.03049,
  "MRR": 0.22919
}