{
  "NDCG@1": 0.0396,
  "NDCG@5": 0.05259,
  "NDCG@10": 0.05538,
  "NDCG@25": 0.07273,
  "NDCG@50": 0.09403,
  "NDCG@100": 0.11632,
  "MAP@1": 0.00591,
  "MAP@5": 0.02631,
  "MAP@10": 0.02849,
  "MAP@25": 0.03362,
  "MAP@50": 0.03741,
  "MAP@100": 0.03971,
  "Recall@1": 0.00591,
  "Recall@5": 0.05814,
  "Recall@10": 0.07454,
  "Recall@25": 0.13322,
  "Recall@50": 0.21679,
  "Recall@100": 0.31426,
  "P@1": 0.0396,
  "P@5": 0.03762,
  "P@10": 0.02574,
  "P@25": 0.02099,
  "P@50": 0.01624,
  "P@100": 0.01218,
  "MRR": 0.09316
}