{
  "NDCG@1": 0.10891,
  "NDCG@5": 0.09781,
  "NDCG@10": 0.11332,
  "NDCG@25": 0.13537,
  "NDCG@50": 0.14766,
  "NDCG@100": 0.16401,
  "MAP@1": 0.04967,
  "MAP@5": 0.0699,
  "MAP@10": 0.08017,
  "MAP@25": 0.08739,
  "MAP@50": 0.09057,
  "MAP@100": 0.09268,
  "Recall@1": 0.04967,
  "Recall@5": 0.08975,
  "Recall@10": 0.13217,
  "Recall@25": 0.20577,
  "Recall@50": 0.24512,
  "Recall@100": 0.322,
  "P@1": 0.10891,
  "P@5": 0.04752,
  "P@10": 0.04059,
  "P@25": 0.02851,
  "P@50": 0.02059,
  "P@100": 0.01337,
  "MRR": 0.16009
}