{
  "NDCG@1": 0.0431,
  "NDCG@5": 0.04036,
  "NDCG@10": 0.05211,
  "NDCG@25": 0.0666,
  "NDCG@50": 0.08256,
  "NDCG@100": 0.09456,
  "MAP@1": 0.01373,
  "MAP@5": 0.02679,
  "MAP@10": 0.03083,
  "MAP@25": 0.0346,
  "MAP@50": 0.03751,
  "MAP@100": 0.03877,
  "Recall@1": 0.01373,
  "Recall@5": 0.04721,
  "Recall@10": 0.07584,
  "Recall@25": 0.12498,
  "Recall@50": 0.18847,
  "Recall@100": 0.24087,
  "P@1": 0.0431,
  "P@5": 0.02586,
  "P@10": 0.02069,
  "P@25": 0.0131,
  "P@50": 0.00983,
  "P@100": 0.00664,
  "MRR": 0.07909
}