{
  "NDCG@1": 0.12621,
  "NDCG@5": 0.09017,
  "NDCG@10": 0.09564,
  "NDCG@25": 0.11342,
  "NDCG@50": 0.12878,
  "NDCG@100": 0.14619,
  "MAP@1": 0.02789,
  "MAP@5": 0.04973,
  "MAP@10": 0.05502,
  "MAP@25": 0.06179,
  "MAP@50": 0.06494,
  "MAP@100": 0.06714,
  "Recall@1": 0.02789,
  "Recall@5": 0.07706,
  "Recall@10": 0.10733,
  "Recall@25": 0.15564,
  "Recall@50": 0.20974,
  "Recall@100": 0.27987,
  "P@1": 0.12621,
  "P@5": 0.06408,
  "P@10": 0.04272,
  "P@25": 0.02602,
  "P@50": 0.01728,
  "P@100": 0.01146,
  "MRR": 0.17711
}