{
  "NDCG@1": 0.0991,
  "NDCG@5": 0.05092,
  "NDCG@10": 0.05959,
  "NDCG@25": 0.0694,
  "NDCG@50": 0.07891,
  "NDCG@100": 0.08777,
  "MAP@1": 0.02091,
  "MAP@5": 0.02678,
  "MAP@10": 0.03296,
  "MAP@25": 0.03529,
  "MAP@50": 0.03708,
  "MAP@100": 0.03841,
  "Recall@1": 0.02091,
  "Recall@5": 0.03341,
  "Recall@10": 0.06242,
  "Recall@25": 0.08811,
  "Recall@50": 0.11873,
  "Recall@100": 0.14768,
  "P@1": 0.0991,
  "P@5": 0.03243,
  "P@10": 0.02883,
  "P@25": 0.01622,
  "P@50": 0.01099,
  "P@100": 0.00748,
  "MRR": 0.12887
}