{
  "NDCG@1": 0.04274,
  "NDCG@5": 0.05177,
  "NDCG@10": 0.0622,
  "NDCG@25": 0.07554,
  "NDCG@50": 0.0849,
  "NDCG@100": 0.09915,
  "MAP@1": 0.02735,
  "MAP@5": 0.03849,
  "MAP@10": 0.04236,
  "MAP@25": 0.0452,
  "MAP@50": 0.04678,
  "MAP@100": 0.04828,
  "Recall@1": 0.02735,
  "Recall@5": 0.0629,
  "Recall@10": 0.08989,
  "Recall@25": 0.13837,
  "Recall@50": 0.16617,
  "Recall@100": 0.23298,
  "P@1": 0.04274,
  "P@5": 0.02564,
  "P@10": 0.02137,
  "P@25": 0.01299,
  "P@50": 0.00991,
  "P@100": 0.00684,
  "MRR": 0.08121
}