{
  "NDCG@1": 0.03448,
  "NDCG@5": 0.03527,
  "NDCG@10": 0.0466,
  "NDCG@25": 0.05759,
  "NDCG@50": 0.06507,
  "NDCG@100": 0.07696,
  "MAP@1": 0.01379,
  "MAP@5": 0.0238,
  "MAP@10": 0.02828,
  "MAP@25": 0.03145,
  "MAP@50": 0.03259,
  "MAP@100": 0.03374,
  "Recall@1": 0.01379,
  "Recall@5": 0.03382,
  "Recall@10": 0.06323,
  "Recall@25": 0.09718,
  "Recall@50": 0.12092,
  "Recall@100": 0.17114,
  "P@1": 0.03448,
  "P@5": 0.02414,
  "P@10": 0.02069,
  "P@25": 0.01345,
  "P@50": 0.00897,
  "P@100": 0.00638,
  "MRR": 0.07205
}