{
  "NDCG@1": 0.25352,
  "NDCG@5": 0.24252,
  "NDCG@10": 0.26006,
  "NDCG@25": 0.27961,
  "NDCG@50": 0.29385,
  "NDCG@100": 0.30625,
  "MAP@1": 0.13768,
  "MAP@5": 0.20347,
  "MAP@10": 0.212,
  "MAP@25": 0.21807,
  "MAP@50": 0.2204,
  "MAP@100": 0.22161,
  "Recall@1": 0.13768,
  "Recall@5": 0.26526,
  "Recall@10": 0.31326,
  "Recall@25": 0.38075,
  "Recall@50": 0.44531,
  "Recall@100": 0.5142,
  "P@1": 0.25352,
  "P@5": 0.10704,
  "P@10": 0.06197,
  "P@25": 0.02958,
  "P@50": 0.01704,
  "P@100": 0.00965,
  "MRR": 0.3142
}