{
  "NDCG@1": 0.02632,
  "NDCG@5": 0.0367,
  "NDCG@10": 0.04245,
  "NDCG@25": 0.05378,
  "NDCG@50": 0.06571,
  "NDCG@100": 0.06895,
  "MAP@1": 0.01316,
  "MAP@5": 0.02599,
  "MAP@10": 0.02928,
  "MAP@25": 0.03269,
  "MAP@50": 0.03497,
  "MAP@100": 0.03525,
  "Recall@1": 0.01316,
  "Recall@5": 0.05263,
  "Recall@10": 0.06579,
  "Recall@25": 0.10526,
  "Recall@50": 0.15789,
  "Recall@100": 0.17763,
  "P@1": 0.02632,
  "P@5": 0.01579,
  "P@10": 0.01053,
  "P@25": 0.00684,
  "P@50": 0.00526,
  "P@100": 0.00289,
  "MRR": 0.04971
}