{
  "NDCG@1": 0.01316,
  "NDCG@5": 0.01316,
  "NDCG@10": 0.01696,
  "NDCG@25": 0.02859,
  "NDCG@50": 0.03248,
  "NDCG@100": 0.03502,
  "MAP@1": 0.00658,
  "MAP@5": 0.00987,
  "MAP@10": 0.01118,
  "MAP@25": 0.01493,
  "MAP@50": 0.01554,
  "MAP@100": 0.0157,
  "Recall@1": 0.00658,
  "Recall@5": 0.01316,
  "Recall@10": 0.02632,
  "Recall@25": 0.06579,
  "Recall@50": 0.08553,
  "Recall@100": 0.09868,
  "P@1": 0.01316,
  "P@5": 0.00526,
  "P@10": 0.00395,
  "P@25": 0.00421,
  "P@50": 0.00263,
  "P@100": 0.00158,
  "MRR": 0.02541
}