{
  "NDCG@1": 0.05155,
  "NDCG@5": 0.0547,
  "NDCG@10": 0.05781,
  "NDCG@25": 0.06675,
  "NDCG@50": 0.0728,
  "NDCG@100": 0.07591,
  "MAP@1": 0.03694,
  "MAP@5": 0.04993,
  "MAP@10": 0.05132,
  "MAP@25": 0.0541,
  "MAP@50": 0.05488,
  "MAP@100": 0.05519,
  "Recall@1": 0.03694,
  "Recall@5": 0.05713,
  "Recall@10": 0.064,
  "Recall@25": 0.09364,
  "Recall@50": 0.12113,
  "Recall@100": 0.13579,
  "P@1": 0.05155,
  "P@5": 0.02062,
  "P@10": 0.01237,
  "P@25": 0.00742,
  "P@50": 0.00464,
  "P@100": 0.00268,
  "MRR": 0.06645
}