{
  "NDCG@1": 0.0396,
  "NDCG@5": 0.06378,
  "NDCG@10": 0.08166,
  "NDCG@25": 0.09759,
  "NDCG@50": 0.11293,
  "NDCG@100": 0.13249,
  "MAP@1": 0.01502,
  "MAP@5": 0.03248,
  "MAP@10": 0.04427,
  "MAP@25": 0.05487,
  "MAP@50": 0.05816,
  "MAP@100": 0.06088,
  "Recall@1": 0.01502,
  "Recall@5": 0.05382,
  "Recall@10": 0.10552,
  "Recall@25": 0.16288,
  "Recall@50": 0.2203,
  "Recall@100": 0.30588,
  "P@1": 0.0396,
  "P@5": 0.04752,
  "P@10": 0.04554,
  "P@25": 0.0301,
  "P@50": 0.0204,
  "P@100": 0.01416,
  "MRR": 0.11199
}