{
  "NDCG@1": 0.26761,
  "NDCG@5": 0.2424,
  "NDCG@10": 0.26404,
  "NDCG@25": 0.28704,
  "NDCG@50": 0.2989,
  "NDCG@100": 0.31162,
  "MAP@1": 0.13826,
  "MAP@5": 0.20132,
  "MAP@10": 0.21148,
  "MAP@25": 0.21764,
  "MAP@50": 0.21966,
  "MAP@100": 0.22098,
  "Recall@1": 0.13826,
  "Recall@5": 0.25587,
  "Recall@10": 0.3135,
  "Recall@25": 0.40329,
  "Recall@50": 0.45599,
  "Recall@100": 0.52641,
  "P@1": 0.26761,
  "P@5": 0.10704,
  "P@10": 0.06479,
  "P@25": 0.03127,
  "P@50": 0.01746,
  "P@100": 0.00986,
  "MRR": 0.3321
}