{
  "NDCG@1": 0.12037,
  "NDCG@5": 0.13563,
  "NDCG@10": 0.15343,
  "NDCG@25": 0.19898,
  "NDCG@50": 0.22797,
  "NDCG@100": 0.25406,
  "MAP@1": 0.04875,
  "MAP@5": 0.09108,
  "MAP@10": 0.10435,
  "MAP@25": 0.12103,
  "MAP@50": 0.12896,
  "MAP@100": 0.13274,
  "Recall@1": 0.04875,
  "Recall@5": 0.14681,
  "Recall@10": 0.18988,
  "Recall@25": 0.31415,
  "Recall@50": 0.41784,
  "Recall@100": 0.52659,
  "P@1": 0.12037,
  "P@5": 0.08333,
  "P@10": 0.06574,
  "P@25": 0.04963,
  "P@50": 0.03426,
  "P@100": 0.02241,
  "MRR": 0.21478
}