{
  "NDCG@1": 0.07143,
  "NDCG@5": 0.06671,
  "NDCG@10": 0.06996,
  "NDCG@25": 0.07042,
  "NDCG@50": 0.10045,
  "NDCG@100": 0.13879,
  "MAP@1": 0.00438,
  "MAP@5": 0.00994,
  "MAP@10": 0.01522,
  "MAP@25": 0.01997,
  "MAP@50": 0.02563,
  "MAP@100": 0.03085,
  "Recall@1": 0.00438,
  "Recall@5": 0.01752,
  "Recall@10": 0.04028,
  "Recall@25": 0.07233,
  "Recall@50": 0.1377,
  "Recall@100": 0.22328,
  "P@1": 0.07143,
  "P@5": 0.06429,
  "P@10": 0.06964,
  "P@25": 0.05357,
  "P@50": 0.04714,
  "P@100": 0.04036,
  "MRR": 0.17959
}