{
  "NDCG@1": 0.04854,
  "NDCG@5": 0.08291,
  "NDCG@10": 0.08051,
  "NDCG@25": 0.09492,
  "NDCG@50": 0.114,
  "NDCG@100": 0.13275,
  "MAP@1": 0.0219,
  "MAP@5": 0.04402,
  "MAP@10": 0.04614,
  "MAP@25": 0.05296,
  "MAP@50": 0.05805,
  "MAP@100": 0.0611,
  "Recall@1": 0.0219,
  "Recall@5": 0.07437,
  "Recall@10": 0.08187,
  "Recall@25": 0.1419,
  "Recall@50": 0.22474,
  "Recall@100": 0.30475,
  "P@1": 0.04854,
  "P@5": 0.05631,
  "P@10": 0.03981,
  "P@25": 0.03029,
  "P@50": 0.02466,
  "P@100": 0.01718,
  "MRR": 0.11775
}