{
  "NDCG@1": 0.07767,
  "NDCG@5": 0.07103,
  "NDCG@10": 0.07754,
  "NDCG@25": 0.0988,
  "NDCG@50": 0.11962,
  "NDCG@100": 0.13686,
  "MAP@1": 0.02863,
  "MAP@5": 0.03782,
  "MAP@10": 0.04313,
  "MAP@25": 0.05094,
  "MAP@50": 0.05641,
  "MAP@100": 0.06003,
  "Recall@1": 0.02863,
  "Recall@5": 0.05421,
  "Recall@10": 0.07904,
  "Recall@25": 0.14999,
  "Recall@50": 0.23182,
  "Recall@100": 0.29446,
  "P@1": 0.07767,
  "P@5": 0.04466,
  "P@10": 0.03883,
  "P@25": 0.03456,
  "P@50": 0.02932,
  "P@100": 0.02126,
  "MRR": 0.12666
}