{
  "NDCG@1": 0.18966,
  "NDCG@5": 0.17557,
  "NDCG@10": 0.20414,
  "NDCG@25": 0.23653,
  "NDCG@50": 0.27029,
  "NDCG@100": 0.28852,
  "MAP@1": 0.0854,
  "MAP@5": 0.12841,
  "MAP@10": 0.14496,
  "MAP@25": 0.15615,
  "MAP@50": 0.16318,
  "MAP@100": 0.16609,
  "Recall@1": 0.0854,
  "Recall@5": 0.17654,
  "Recall@10": 0.25963,
  "Recall@25": 0.34631,
  "Recall@50": 0.46114,
  "Recall@100": 0.52971,
  "P@1": 0.18966,
  "P@5": 0.09655,
  "P@10": 0.07328,
  "P@25": 0.04655,
  "P@50": 0.03379,
  "P@100": 0.0206,
  "MRR": 0.275
}