{
  "NDCG@1": 0.0495,
  "NDCG@5": 0.06296,
  "NDCG@10": 0.07615,
  "NDCG@25": 0.08802,
  "NDCG@50": 0.10281,
  "NDCG@100": 0.11995,
  "MAP@1": 0.01247,
  "MAP@5": 0.03632,
  "MAP@10": 0.04327,
  "MAP@25": 0.04724,
  "MAP@50": 0.05,
  "MAP@100": 0.05197,
  "Recall@1": 0.01247,
  "Recall@5": 0.0731,
  "Recall@10": 0.10628,
  "Recall@25": 0.14924,
  "Recall@50": 0.20477,
  "Recall@100": 0.27912,
  "P@1": 0.0495,
  "P@5": 0.04158,
  "P@10": 0.03564,
  "P@25": 0.02218,
  "P@50": 0.01545,
  "P@100": 0.01069,
  "MRR": 0.11227
}