{
  "NDCG@1": 0.06838,
  "NDCG@5": 0.07127,
  "NDCG@10": 0.07998,
  "NDCG@25": 0.0994,
  "NDCG@50": 0.11973,
  "NDCG@100": 0.13775,
  "MAP@1": 0.02699,
  "MAP@5": 0.0513,
  "MAP@10": 0.05664,
  "MAP@25": 0.06132,
  "MAP@50": 0.06432,
  "MAP@100": 0.06606,
  "Recall@1": 0.02699,
  "Recall@5": 0.07959,
  "Recall@10": 0.10641,
  "Recall@25": 0.17475,
  "Recall@50": 0.25231,
  "Recall@100": 0.3355,
  "P@1": 0.06838,
  "P@5": 0.03419,
  "P@10": 0.02308,
  "P@25": 0.01607,
  "P@50": 0.01299,
  "P@100": 0.00923,
  "MRR": 0.11776
}