{
  "NDCG@1": 0.10825,
  "NDCG@5": 0.09036,
  "NDCG@10": 0.09785,
  "NDCG@25": 0.10082,
  "NDCG@50": 0.10891,
  "NDCG@100": 0.11576,
  "MAP@1": 0.06443,
  "MAP@5": 0.07753,
  "MAP@10": 0.0816,
  "MAP@25": 0.08213,
  "MAP@50": 0.08356,
  "MAP@100": 0.08439,
  "Recall@1": 0.06443,
  "Recall@5": 0.09107,
  "Recall@10": 0.10911,
  "Recall@25": 0.11757,
  "Recall@50": 0.15108,
  "Recall@100": 0.18223,
  "P@1": 0.10825,
  "P@5": 0.03299,
  "P@10": 0.0201,
  "P@25": 0.00928,
  "P@50": 0.00608,
  "P@100": 0.00392,
  "MRR": 0.12563
}