{
  "NDCG@1": 0.08333,
  "NDCG@5": 0.08491,
  "NDCG@10": 0.09664,
  "NDCG@25": 0.11819,
  "NDCG@50": 0.13713,
  "NDCG@100": 0.16318,
  "MAP@1": 0.03414,
  "MAP@5": 0.05677,
  "MAP@10": 0.0632,
  "MAP@25": 0.06924,
  "MAP@50": 0.07286,
  "MAP@100": 0.07632,
  "Recall@1": 0.03414,
  "Recall@5": 0.0921,
  "Recall@10": 0.1256,
  "Recall@25": 0.19019,
  "Recall@50": 0.26208,
  "Recall@100": 0.37599,
  "P@1": 0.08333,
  "P@5": 0.05,
  "P@10": 0.03981,
  "P@25": 0.02852,
  "P@50": 0.02,
  "P@100": 0.01444,
  "MRR": 0.13931
}