{
  "NDCG@1": 0.00893,
  "NDCG@5": 0.0055,
  "NDCG@10": 0.00416,
  "NDCG@25": 0.00475,
  "NDCG@50": 0.00775,
  "NDCG@100": 0.01512,
  "MAP@1": 0.00043,
  "MAP@5": 0.00061,
  "MAP@10": 0.00065,
  "MAP@25": 0.00085,
  "MAP@50": 0.00105,
  "MAP@100": 0.00136,
  "Recall@1": 0.00043,
  "Recall@5": 0.00128,
  "Recall@10": 0.00165,
  "Recall@25": 0.00501,
  "Recall@50": 0.01155,
  "Recall@100": 0.02723,
  "P@1": 0.00893,
  "P@5": 0.00536,
  "P@10": 0.00357,
  "P@25": 0.00393,
  "P@50": 0.00393,
  "P@100": 0.00536,
  "MRR": 0.02498
}