{
  "NDCG@1": 0.05263,
  "NDCG@5": 0.08718,
  "NDCG@10": 0.10779,
  "NDCG@25": 0.13106,
  "NDCG@50": 0.14206,
  "NDCG@100": 0.1589,
  "MAP@1": 0.02961,
  "MAP@5": 0.06802,
  "MAP@10": 0.07812,
  "MAP@25": 0.085,
  "MAP@50": 0.08649,
  "MAP@100": 0.08806,
  "Recall@1": 0.02961,
  "Recall@5": 0.11732,
  "Recall@10": 0.17434,
  "Recall@25": 0.25298,
  "Recall@50": 0.30122,
  "Recall@100": 0.38643,
  "P@1": 0.05263,
  "P@5": 0.04211,
  "P@10": 0.03026,
  "P@25": 0.01842,
  "P@50": 0.01105,
  "P@100": 0.00724,
  "MRR": 0.10928
}