{
  "NDCG@1": 0.06838,
  "NDCG@5": 0.07713,
  "NDCG@10": 0.11024,
  "NDCG@25": 0.14705,
  "NDCG@50": 0.17253,
  "NDCG@100": 0.1969,
  "MAP@1": 0.03427,
  "MAP@5": 0.0561,
  "MAP@10": 0.07133,
  "MAP@25": 0.08201,
  "MAP@50": 0.08818,
  "MAP@100": 0.09177,
  "Recall@1": 0.03427,
  "Recall@5": 0.08277,
  "Recall@10": 0.16664,
  "Recall@25": 0.28333,
  "Recall@50": 0.37484,
  "Recall@100": 0.47653,
  "P@1": 0.06838,
  "P@5": 0.04103,
  "P@10": 0.0453,
  "P@25": 0.03453,
  "P@50": 0.02513,
  "P@100": 0.01726,
  "MRR": 0.13396
}