{
  "NDCG@1": 0.14563,
  "NDCG@5": 0.13014,
  "NDCG@10": 0.15098,
  "NDCG@25": 0.19822,
  "NDCG@50": 0.22219,
  "NDCG@100": 0.25421,
  "MAP@1": 0.0345,
  "MAP@5": 0.08582,
  "MAP@10": 0.10066,
  "MAP@25": 0.11693,
  "MAP@50": 0.12287,
  "MAP@100": 0.12719,
  "Recall@1": 0.0345,
  "Recall@5": 0.12238,
  "Recall@10": 0.1779,
  "Recall@25": 0.31132,
  "Recall@50": 0.39228,
  "Recall@100": 0.53085,
  "P@1": 0.14563,
  "P@5": 0.09126,
  "P@10": 0.0699,
  "P@25": 0.04816,
  "P@50": 0.03107,
  "P@100": 0.02039,
  "MRR": 0.22844
}