{
  "NDCG@1": 0.05405,
  "NDCG@5": 0.05143,
  "NDCG@10": 0.05325,
  "NDCG@25": 0.06836,
  "NDCG@50": 0.08239,
  "NDCG@100": 0.09377,
  "MAP@1": 0.00928,
  "MAP@5": 0.03117,
  "MAP@10": 0.03654,
  "MAP@25": 0.04088,
  "MAP@50": 0.04328,
  "MAP@100": 0.04486,
  "Recall@1": 0.00928,
  "Recall@5": 0.04231,
  "Recall@10": 0.05792,
  "Recall@25": 0.09905,
  "Recall@50": 0.14602,
  "Recall@100": 0.1908,
  "P@1": 0.05405,
  "P@5": 0.04324,
  "P@10": 0.03153,
  "P@25": 0.0191,
  "P@50": 0.01369,
  "P@100": 0.00874,
  "MRR": 0.08466
}