{
  "NDCG@1": 0.0463,
  "NDCG@5": 0.06346,
  "NDCG@10": 0.08008,
  "NDCG@25": 0.11353,
  "NDCG@50": 0.1345,
  "NDCG@100": 0.158,
  "MAP@1": 0.02087,
  "MAP@5": 0.04005,
  "MAP@10": 0.04882,
  "MAP@25": 0.05819,
  "MAP@50": 0.06269,
  "MAP@100": 0.06609,
  "Recall@1": 0.02087,
  "Recall@5": 0.07475,
  "Recall@10": 0.11598,
  "Recall@25": 0.22015,
  "Recall@50": 0.29225,
  "Recall@100": 0.39014,
  "P@1": 0.0463,
  "P@5": 0.04259,
  "P@10": 0.03981,
  "P@25": 0.03037,
  "P@50": 0.02222,
  "P@100": 0.01593,
  "MRR": 0.10362
}