{
  "NDCG@1": 0.21134,
  "NDCG@5": 0.19253,
  "NDCG@10": 0.20035,
  "NDCG@25": 0.21515,
  "NDCG@50": 0.22092,
  "NDCG@100": 0.23002,
  "MAP@1": 0.12457,
  "MAP@5": 0.17271,
  "MAP@10": 0.17588,
  "MAP@25": 0.18021,
  "MAP@50": 0.18107,
  "MAP@100": 0.18196,
  "Recall@1": 0.12457,
  "Recall@5": 0.20189,
  "Recall@10": 0.22251,
  "Recall@25": 0.2732,
  "Recall@50": 0.29756,
  "Recall@100": 0.34696,
  "P@1": 0.21134,
  "P@5": 0.07423,
  "P@10": 0.04072,
  "P@25": 0.02062,
  "P@50": 0.01134,
  "P@100": 0.00649,
  "MRR": 0.23596
}