{
  "NDCG@1": 0.06931,
  "NDCG@5": 0.06997,
  "NDCG@10": 0.08221,
  "NDCG@25": 0.10764,
  "NDCG@50": 0.13045,
  "NDCG@100": 0.14164,
  "MAP@1": 0.02095,
  "MAP@5": 0.03439,
  "MAP@10": 0.04205,
  "MAP@25": 0.05047,
  "MAP@50": 0.05457,
  "MAP@100": 0.05607,
  "Recall@1": 0.02095,
  "Recall@5": 0.06277,
  "Recall@10": 0.10883,
  "Recall@25": 0.20516,
  "Recall@50": 0.29471,
  "Recall@100": 0.33523,
  "P@1": 0.06931,
  "P@5": 0.05149,
  "P@10": 0.04257,
  "P@25": 0.0305,
  "P@50": 0.02218,
  "P@100": 0.01396,
  "MRR": 0.13298
}